[
  {
    "id": 5134,
    "country_id": 178,
    "name": "Adjuntas",
    "state_code": "001",
    "latitude": "18.16348480",
    "longitude": "-66.72315800",
    "cities": [
      {
        "id": 153549,
        "name": "Adjuntas",
        "latitude": "18.16348480",
        "longitude": "-66.72315800"
      }
    ]
  },
  {
    "id": 5135,
    "country_id": 178,
    "name": "Aguada",
    "state_code": "003",
    "latitude": "18.38015790",
    "longitude": "-67.18870400",
    "cities": [
      {
        "id": 153550,
        "name": "Aguada",
        "latitude": "18.38015790",
        "longitude": "-67.18870400"
      }
    ]
  },
  {
    "id": 5136,
    "country_id": 178,
    "name": "Aguadilla",
    "state_code": "005",
    "latitude": "18.42744540",
    "longitude": "-67.15406980",
    "cities": [
      {
        "id": 153551,
        "name": "Aguadilla",
        "latitude": "18.42744540",
        "longitude": "-67.15406980"
      }
    ]
  },
  {
    "id": 5137,
    "country_id": 178,
    "name": "Aguas Buenas",
    "state_code": "007",
    "latitude": "18.25689890",
    "longitude": "-66.10294420",
    "cities": [
      {
        "id": 153552,
        "name": "Aguas Buenas",
        "latitude": "18.25689890",
        "longitude": "-66.10294420"
      }
    ]
  },
  {
    "id": 5138,
    "country_id": 178,
    "name": "Aibonito",
    "state_code": "009",
    "latitude": "18.13995940",
    "longitude": "-66.26600160",
    "cities": [
      {
        "id": 153553,
        "name": "Aibonito",
        "latitude": "18.13995940",
        "longitude": "-66.26600160"
      }
    ]
  },
  {
    "id": 5139,
    "country_id": 178,
    "name": "Añasco",
    "state_code": "011",
    "latitude": "18.28544760",
    "longitude": "-67.14029350",
    "cities": [
      {
        "id": 153554,
        "name": "Añasco",
        "latitude": "18.28544760",
        "longitude": "-67.14029350"
      }
    ]
  },
  {
    "id": 5140,
    "country_id": 178,
    "name": "Arecibo",
    "state_code": "013",
    "latitude": "18.47051370",
    "longitude": "-66.72184720",
    "cities": [
      {
        "id": 153555,
        "name": "Arecibo",
        "latitude": "18.47051370",
        "longitude": "-66.72184720"
      }
    ]
  },
  {
    "id": 5081,
    "country_id": 178,
    "name": "Arecibo",
    "state_code": "AR",
    "latitude": "18.47055556",
    "longitude": "-66.72083333"
  },
  {
    "id": 5141,
    "country_id": 178,
    "name": "Arroyo",
    "state_code": "015",
    "latitude": "17.99642200",
    "longitude": "-66.09248790",
    "cities": [
      {
        "id": 153556,
        "name": "Arroyo",
        "latitude": "17.99642200",
        "longitude": "-66.09248790"
      }
    ]
  },
  {
    "id": 5142,
    "country_id": 178,
    "name": "Barceloneta",
    "state_code": "017",
    "latitude": "41.38010610",
    "longitude": "2.18969570",
    "cities": [
      {
        "id": 153557,
        "name": "Barceloneta",
        "latitude": "41.38010610",
        "longitude": "2.18969570"
      }
    ]
  },
  {
    "id": 5143,
    "country_id": 178,
    "name": "Barranquitas",
    "state_code": "019",
    "latitude": "18.18662420",
    "longitude": "-66.30628020",
    "cities": [
      {
        "id": 153558,
        "name": "Barranquitas",
        "latitude": "18.18662420",
        "longitude": "-66.30628020"
      }
    ]
  },
  {
    "id": 5076,
    "country_id": 178,
    "name": "Bayamon",
    "state_code": "BY",
    "latitude": "18.17777778",
    "longitude": "-66.11333333"
  },
  {
    "id": 5144,
    "country_id": 178,
    "name": "Bayamón",
    "state_code": "021",
    "latitude": "18.38939600",
    "longitude": "-66.16532240",
    "cities": [
      {
        "id": 153559,
        "name": "Bayamón",
        "latitude": "18.38939600",
        "longitude": "-66.16532240"
      }
    ]
  },
  {
    "id": 5145,
    "country_id": 178,
    "name": "Cabo Rojo",
    "state_code": "023",
    "latitude": "18.08662650",
    "longitude": "-67.14573470",
    "cities": [
      {
        "id": 153560,
        "name": "Cabo Rojo",
        "latitude": "18.08662650",
        "longitude": "-67.14573470"
      }
    ]
  },
  {
    "id": 5079,
    "country_id": 178,
    "name": "Caguas",
    "state_code": "CG",
    "latitude": "18.23333333",
    "longitude": "-66.03333333"
  },
  {
    "id": 5146,
    "country_id": 178,
    "name": "Caguas",
    "state_code": "025",
    "latitude": "18.23879950",
    "longitude": "-66.03524900",
    "cities": [
      {
        "id": 153561,
        "name": "Caguas",
        "latitude": "18.23879950",
        "longitude": "-66.03524900"
      }
    ]
  },
  {
    "id": 5147,
    "country_id": 178,
    "name": "Camuy",
    "state_code": "027",
    "latitude": "18.48383300",
    "longitude": "-66.84489940",
    "cities": [
      {
        "id": 153562,
        "name": "Camuy",
        "latitude": "18.48383300",
        "longitude": "-66.84489940"
      }
    ]
  },
  {
    "id": 5148,
    "country_id": 178,
    "name": "Canóvanas",
    "state_code": "029",
    "latitude": "18.37487480",
    "longitude": "-65.89975330",
    "cities": [
      {
        "id": 153563,
        "name": "Canóvanas",
        "latitude": "18.37487480",
        "longitude": "-65.89975330"
      }
    ]
  },
  {
    "id": 5077,
    "country_id": 178,
    "name": "Carolina",
    "state_code": "CL",
    "latitude": "18.38888889",
    "longitude": "-65.96666667"
  },
  {
    "id": 5149,
    "country_id": 178,
    "name": "Carolina",
    "state_code": "031",
    "latitude": "18.36808770",
    "longitude": "-66.04247340",
    "cities": [
      {
        "id": 153564,
        "name": "Carolina",
        "latitude": "18.36808770",
        "longitude": "-66.04247340"
      }
    ]
  },
  {
    "id": 5150,
    "country_id": 178,
    "name": "Cataño",
    "state_code": "033",
    "latitude": "18.44653550",
    "longitude": "-66.13557750",
    "cities": [
      {
        "id": 153565,
        "name": "Cataño",
        "latitude": "18.44653550",
        "longitude": "-66.13557750"
      }
    ]
  },
  {
    "id": 5151,
    "country_id": 178,
    "name": "Cayey",
    "state_code": "035",
    "latitude": "18.11190510",
    "longitude": "-66.16600000",
    "cities": [
      {
        "id": 153566,
        "name": "Cayey",
        "latitude": "18.11190510",
        "longitude": "-66.16600000"
      }
    ]
  },
  {
    "id": 5152,
    "country_id": 178,
    "name": "Ceiba",
    "state_code": "037",
    "latitude": "18.24751770",
    "longitude": "-65.90849530",
    "cities": [
      {
        "id": 153567,
        "name": "Ceiba",
        "latitude": "18.24751770",
        "longitude": "-65.90849530"
      }
    ]
  },
  {
    "id": 5153,
    "country_id": 178,
    "name": "Ciales",
    "state_code": "039",
    "latitude": "18.33606220",
    "longitude": "-66.46878230",
    "cities": [
      {
        "id": 153568,
        "name": "Ciales",
        "latitude": "18.33606220",
        "longitude": "-66.46878230"
      }
    ]
  },
  {
    "id": 5154,
    "country_id": 178,
    "name": "Cidra",
    "state_code": "041",
    "latitude": "18.17579140",
    "longitude": "-66.16127790",
    "cities": [
      {
        "id": 153569,
        "name": "Cidra",
        "latitude": "18.17579140",
        "longitude": "-66.16127790"
      }
    ]
  },
  {
    "id": 5155,
    "country_id": 178,
    "name": "Coamo",
    "state_code": "043",
    "latitude": "18.07996160",
    "longitude": "-66.35794730",
    "cities": [
      {
        "id": 153570,
        "name": "Coamo",
        "latitude": "18.07996160",
        "longitude": "-66.35794730"
      }
    ]
  },
  {
    "id": 5156,
    "country_id": 178,
    "name": "Comerío",
    "state_code": "045",
    "latitude": "18.21920010",
    "longitude": "-66.22560220",
    "cities": [
      {
        "id": 153571,
        "name": "Comerío",
        "latitude": "18.21920010",
        "longitude": "-66.22560220"
      }
    ]
  },
  {
    "id": 5157,
    "country_id": 178,
    "name": "Corozal",
    "state_code": "047",
    "latitude": "18.40308020",
    "longitude": "-88.39675360",
    "cities": [
      {
        "id": 153572,
        "name": "Corozal",
        "latitude": "18.40308020",
        "longitude": "-88.39675360"
      }
    ]
  },
  {
    "id": 5158,
    "country_id": 178,
    "name": "Culebra",
    "state_code": "049",
    "latitude": "18.31039400",
    "longitude": "-65.30307050",
    "cities": [
      {
        "id": 153573,
        "name": "Culebra",
        "latitude": "18.31039400",
        "longitude": "-65.30307050"
      }
    ]
  },
  {
    "id": 5159,
    "country_id": 178,
    "name": "Dorado",
    "state_code": "051",
    "latitude": "43.14805560",
    "longitude": "-77.57722220",
    "cities": [
      {
        "id": 153574,
        "name": "Dorado",
        "latitude": "43.14805560",
        "longitude": "-77.57722220"
      }
    ]
  },
  {
    "id": 5160,
    "country_id": 178,
    "name": "Fajardo",
    "state_code": "053",
    "latitude": "18.32521480",
    "longitude": "-65.65393560",
    "cities": [
      {
        "id": 153575,
        "name": "Fajardo",
        "latitude": "18.32521480",
        "longitude": "-65.65393560"
      }
    ]
  },
  {
    "id": 5161,
    "country_id": 178,
    "name": "Florida",
    "state_code": "054",
    "latitude": "27.66482740",
    "longitude": "-81.51575350",
    "cities": [
      {
        "id": 153576,
        "name": "Florida",
        "latitude": "27.66482740",
        "longitude": "-81.51575350"
      }
    ]
  },
  {
    "id": 5162,
    "country_id": 178,
    "name": "Guánica",
    "state_code": "055",
    "latitude": "17.97251450",
    "longitude": "-66.90862640",
    "cities": [
      {
        "id": 153577,
        "name": "Guánica",
        "latitude": "17.97251450",
        "longitude": "-66.90862640"
      }
    ]
  },
  {
    "id": 5163,
    "country_id": 178,
    "name": "Guayama",
    "state_code": "057",
    "latitude": "17.98413280",
    "longitude": "-66.11377670",
    "cities": [
      {
        "id": 153578,
        "name": "Guayama",
        "latitude": "17.98413280",
        "longitude": "-66.11377670"
      }
    ]
  },
  {
    "id": 5164,
    "country_id": 178,
    "name": "Guayanilla",
    "state_code": "059",
    "latitude": "18.01913140",
    "longitude": "-66.79184200",
    "cities": [
      {
        "id": 153579,
        "name": "Guayanilla",
        "latitude": "18.01913140",
        "longitude": "-66.79184200"
      }
    ]
  },
  {
    "id": 5080,
    "country_id": 178,
    "name": "Guaynabo",
    "state_code": "GN",
    "latitude": "18.36666667",
    "longitude": "-66.10000000"
  },
  {
    "id": 5165,
    "country_id": 178,
    "name": "Guaynabo",
    "state_code": "061",
    "latitude": "18.36129540",
    "longitude": "-66.11029570",
    "cities": [
      {
        "id": 153580,
        "name": "Guaynabo",
        "latitude": "18.36129540",
        "longitude": "-66.11029570"
      }
    ]
  },
  {
    "id": 5166,
    "country_id": 178,
    "name": "Gurabo",
    "state_code": "063",
    "latitude": "18.25439870",
    "longitude": "-65.97294210",
    "cities": [
      {
        "id": 153581,
        "name": "Gurabo",
        "latitude": "18.25439870",
        "longitude": "-65.97294210"
      }
    ]
  },
  {
    "id": 5167,
    "country_id": 178,
    "name": "Hatillo",
    "state_code": "065",
    "latitude": "18.42846420",
    "longitude": "-66.78753210",
    "cities": [
      {
        "id": 153582,
        "name": "Hatillo",
        "latitude": "18.42846420",
        "longitude": "-66.78753210"
      }
    ]
  },
  {
    "id": 5168,
    "country_id": 178,
    "name": "Hormigueros",
    "state_code": "067",
    "latitude": "18.13346380",
    "longitude": "-67.11281230",
    "cities": [
      {
        "id": 153583,
        "name": "Hormigueros",
        "latitude": "18.13346380",
        "longitude": "-67.11281230"
      }
    ]
  },
  {
    "id": 5169,
    "country_id": 178,
    "name": "Humacao",
    "state_code": "069",
    "latitude": "18.15157360",
    "longitude": "-65.82485290",
    "cities": [
      {
        "id": 153584,
        "name": "Humacao",
        "latitude": "18.15157360",
        "longitude": "-65.82485290"
      }
    ]
  },
  {
    "id": 5170,
    "country_id": 178,
    "name": "Isabela",
    "state_code": "071",
    "latitude": "16.97537580",
    "longitude": "121.81070790",
    "cities": [
      {
        "id": 153585,
        "name": "Isabela",
        "latitude": "16.97537580",
        "longitude": "121.81070790"
      }
    ]
  },
  {
    "id": 5171,
    "country_id": 178,
    "name": "Jayuya",
    "state_code": "073",
    "latitude": "18.21856740",
    "longitude": "-66.59156170",
    "cities": [
      {
        "id": 153586,
        "name": "Jayuya",
        "latitude": "18.21856740",
        "longitude": "-66.59156170"
      }
    ]
  },
  {
    "id": 5172,
    "country_id": 178,
    "name": "Juana Díaz",
    "state_code": "075",
    "latitude": "18.05343720",
    "longitude": "-66.50750790",
    "cities": [
      {
        "id": 153587,
        "name": "Juana Díaz",
        "latitude": "18.05343720",
        "longitude": "-66.50750790"
      }
    ]
  },
  {
    "id": 5173,
    "country_id": 178,
    "name": "Juncos",
    "state_code": "077",
    "latitude": "18.22745580",
    "longitude": "-65.92099700",
    "cities": [
      {
        "id": 153588,
        "name": "Juncos",
        "latitude": "18.22745580",
        "longitude": "-65.92099700"
      }
    ]
  },
  {
    "id": 5174,
    "country_id": 178,
    "name": "Lajas",
    "state_code": "079",
    "latitude": "18.04996200",
    "longitude": "-67.05934490",
    "cities": [
      {
        "id": 153589,
        "name": "Lajas",
        "latitude": "18.04996200",
        "longitude": "-67.05934490"
      }
    ]
  },
  {
    "id": 5175,
    "country_id": 178,
    "name": "Lares",
    "state_code": "081",
    "latitude": "34.02508020",
    "longitude": "-118.45945930",
    "cities": [
      {
        "id": 153590,
        "name": "Lares",
        "latitude": "34.02508020",
        "longitude": "-118.45945930"
      }
    ]
  },
  {
    "id": 5176,
    "country_id": 178,
    "name": "Las Marías",
    "state_code": "083",
    "latitude": "35.83822380",
    "longitude": "-78.61035660",
    "cities": [
      {
        "id": 153591,
        "name": "Las Marías",
        "latitude": "35.83822380",
        "longitude": "-78.61035660"
      }
    ]
  },
  {
    "id": 5177,
    "country_id": 178,
    "name": "Las Piedras",
    "state_code": "085",
    "latitude": "18.18557530",
    "longitude": "-65.87362450",
    "cities": [
      {
        "id": 153592,
        "name": "Las Piedras",
        "latitude": "18.18557530",
        "longitude": "-65.87362450"
      }
    ]
  },
  {
    "id": 5178,
    "country_id": 178,
    "name": "Loíza",
    "state_code": "087",
    "latitude": "18.43299040",
    "longitude": "-65.87836000",
    "cities": [
      {
        "id": 153593,
        "name": "Loíza",
        "latitude": "18.43299040",
        "longitude": "-65.87836000"
      }
    ]
  },
  {
    "id": 5179,
    "country_id": 178,
    "name": "Luquillo",
    "state_code": "089",
    "latitude": "18.37245070",
    "longitude": "-65.71655110",
    "cities": [
      {
        "id": 153594,
        "name": "Luquillo",
        "latitude": "18.37245070",
        "longitude": "-65.71655110"
      }
    ]
  },
  {
    "id": 5180,
    "country_id": 178,
    "name": "Manatí",
    "state_code": "091",
    "latitude": "18.41812150",
    "longitude": "-66.52627830",
    "cities": [
      {
        "id": 153595,
        "name": "Manatí",
        "latitude": "18.41812150",
        "longitude": "-66.52627830"
      }
    ]
  },
  {
    "id": 5181,
    "country_id": 178,
    "name": "Maricao",
    "state_code": "093",
    "latitude": "18.18079020",
    "longitude": "-66.97990010",
    "cities": [
      {
        "id": 153596,
        "name": "Maricao",
        "latitude": "18.18079020",
        "longitude": "-66.97990010"
      }
    ]
  },
  {
    "id": 5182,
    "country_id": 178,
    "name": "Maunabo",
    "state_code": "095",
    "latitude": "18.00718850",
    "longitude": "-65.89932890",
    "cities": [
      {
        "id": 153597,
        "name": "Maunabo",
        "latitude": "18.00718850",
        "longitude": "-65.89932890"
      }
    ]
  },
  {
    "id": 5083,
    "country_id": 178,
    "name": "Mayagüez",
    "state_code": "MG",
    "latitude": "18.20111111",
    "longitude": "-67.13972222"
  },
  {
    "id": 5183,
    "country_id": 178,
    "name": "Mayagüez",
    "state_code": "097",
    "latitude": "18.20134520",
    "longitude": "-67.14515490",
    "cities": [
      {
        "id": 153598,
        "name": "Mayagüez",
        "latitude": "18.20134520",
        "longitude": "-67.14515490"
      }
    ]
  },
  {
    "id": 5184,
    "country_id": 178,
    "name": "Moca",
    "state_code": "099",
    "latitude": "18.39679290",
    "longitude": "-67.14790350",
    "cities": [
      {
        "id": 153599,
        "name": "Moca",
        "latitude": "18.39679290",
        "longitude": "-67.14790350"
      }
    ]
  },
  {
    "id": 5185,
    "country_id": 178,
    "name": "Morovis",
    "state_code": "101",
    "latitude": "18.32578500",
    "longitude": "-66.40655920",
    "cities": [
      {
        "id": 153600,
        "name": "Morovis",
        "latitude": "18.32578500",
        "longitude": "-66.40655920"
      }
    ]
  },
  {
    "id": 5186,
    "country_id": 178,
    "name": "Naguabo",
    "state_code": "103",
    "latitude": "18.21162470",
    "longitude": "-65.73488410",
    "cities": [
      {
        "id": 153601,
        "name": "Naguabo",
        "latitude": "18.21162470",
        "longitude": "-65.73488410"
      }
    ]
  },
  {
    "id": 5187,
    "country_id": 178,
    "name": "Naranjito",
    "state_code": "105",
    "latitude": "18.30078610",
    "longitude": "-66.24489040",
    "cities": [
      {
        "id": 153602,
        "name": "Naranjito",
        "latitude": "18.30078610",
        "longitude": "-66.24489040"
      }
    ]
  },
  {
    "id": 5188,
    "country_id": 178,
    "name": "Orocovis",
    "state_code": "107",
    "latitude": "18.22692240",
    "longitude": "-66.39116860",
    "cities": [
      {
        "id": 153603,
        "name": "Orocovis",
        "latitude": "18.22692240",
        "longitude": "-66.39116860"
      }
    ]
  },
  {
    "id": 5189,
    "country_id": 178,
    "name": "Patillas",
    "state_code": "109",
    "latitude": "18.00373810",
    "longitude": "-66.01340590",
    "cities": [
      {
        "id": 153604,
        "name": "Patillas",
        "latitude": "18.00373810",
        "longitude": "-66.01340590"
      }
    ]
  },
  {
    "id": 5190,
    "country_id": 178,
    "name": "Peñuelas",
    "state_code": "111",
    "latitude": "18.06335770",
    "longitude": "-66.72738960",
    "cities": [
      {
        "id": 153605,
        "name": "Peñuelas",
        "latitude": "18.06335770",
        "longitude": "-66.72738960"
      }
    ]
  },
  {
    "id": 5078,
    "country_id": 178,
    "name": "Ponce",
    "state_code": "PO",
    "latitude": "18.00000000",
    "longitude": "-66.61666667"
  },
  {
    "id": 5191,
    "country_id": 178,
    "name": "Ponce",
    "state_code": "113",
    "latitude": "18.01107680",
    "longitude": "-66.61406160",
    "cities": [
      {
        "id": 153606,
        "name": "Ponce",
        "latitude": "18.01107680",
        "longitude": "-66.61406160"
      }
    ]
  },
  {
    "id": 5192,
    "country_id": 178,
    "name": "Quebradillas",
    "state_code": "115",
    "latitude": "18.47383300",
    "longitude": "-66.93851200",
    "cities": [
      {
        "id": 153607,
        "name": "Quebradillas",
        "latitude": "18.47383300",
        "longitude": "-66.93851200"
      }
    ]
  },
  {
    "id": 5193,
    "country_id": 178,
    "name": "Rincón",
    "state_code": "117",
    "latitude": "18.34015140",
    "longitude": "-67.24994590",
    "cities": [
      {
        "id": 153608,
        "name": "Rincón",
        "latitude": "18.34015140",
        "longitude": "-67.24994590"
      }
    ]
  },
  {
    "id": 5194,
    "country_id": 178,
    "name": "Río Grande",
    "state_code": "119",
    "latitude": "28.81063826",
    "longitude": "-101.83538780",
    "cities": [
      {
        "id": 153609,
        "name": "Río Grande",
        "latitude": "28.81063826",
        "longitude": "-101.83538780"
      }
    ]
  },
  {
    "id": 5195,
    "country_id": 178,
    "name": "Sabana Grande",
    "state_code": "121",
    "latitude": "18.07773920",
    "longitude": "-66.96045490",
    "cities": [
      {
        "id": 153610,
        "name": "Sabana Grande",
        "latitude": "18.07773920",
        "longitude": "-66.96045490"
      }
    ]
  },
  {
    "id": 5196,
    "country_id": 178,
    "name": "Salinas",
    "state_code": "123",
    "latitude": "36.67773720",
    "longitude": "-121.65550130",
    "cities": [
      {
        "id": 153611,
        "name": "Salinas",
        "latitude": "36.67773720",
        "longitude": "-121.65550130"
      }
    ]
  },
  {
    "id": 5197,
    "country_id": 178,
    "name": "San Germán",
    "state_code": "125",
    "latitude": "18.08070820",
    "longitude": "-67.04110960",
    "cities": [
      {
        "id": 153612,
        "name": "San Germán",
        "latitude": "18.08070820",
        "longitude": "-67.04110960"
      }
    ]
  },
  {
    "id": 5198,
    "country_id": 178,
    "name": "San Juan",
    "state_code": "127",
    "latitude": "18.46320300",
    "longitude": "-66.11475710",
    "cities": [
      {
        "id": 153613,
        "name": "San Juan",
        "latitude": "18.46320300",
        "longitude": "-66.11475710"
      }
    ]
  },
  {
    "id": 5075,
    "country_id": 178,
    "name": "San Juan",
    "state_code": "SJ",
    "latitude": "18.45000000",
    "longitude": "-66.06666667"
  },
  {
    "id": 5199,
    "country_id": 178,
    "name": "San Lorenzo",
    "state_code": "129",
    "latitude": "18.18869120",
    "longitude": "-65.97658620",
    "cities": [
      {
        "id": 153614,
        "name": "San Lorenzo",
        "latitude": "18.18869120",
        "longitude": "-65.97658620"
      }
    ]
  },
  {
    "id": 5200,
    "country_id": 178,
    "name": "San Sebastián",
    "state_code": "131",
    "latitude": "43.31833400",
    "longitude": "-1.98123130",
    "cities": [
      {
        "id": 153615,
        "name": "San Sebastián",
        "latitude": "43.31833400",
        "longitude": "-1.98123130"
      }
    ]
  },
  {
    "id": 5201,
    "country_id": 178,
    "name": "Santa Isabel",
    "state_code": "133",
    "latitude": "17.96607750",
    "longitude": "-66.40489200",
    "cities": [
      {
        "id": 153616,
        "name": "Santa Isabel",
        "latitude": "17.96607750",
        "longitude": "-66.40489200"
      }
    ]
  },
  {
    "id": 5202,
    "country_id": 178,
    "name": "Toa Alta",
    "state_code": "135",
    "latitude": "18.38828230",
    "longitude": "-66.24822370",
    "cities": [
      {
        "id": 153617,
        "name": "Toa Alta",
        "latitude": "18.38828230",
        "longitude": "-66.24822370"
      }
    ]
  },
  {
    "id": 5082,
    "country_id": 178,
    "name": "Toa Baja",
    "state_code": "TB",
    "latitude": "18.44388900",
    "longitude": "-66.25972200"
  },
  {
    "id": 5203,
    "country_id": 178,
    "name": "Toa Baja",
    "state_code": "137",
    "latitude": "18.44447090",
    "longitude": "-66.25432930",
    "cities": [
      {
        "id": 153618,
        "name": "Toa Baja",
        "latitude": "18.44447090",
        "longitude": "-66.25432930"
      }
    ]
  },
  {
    "id": 5084,
    "country_id": 178,
    "name": "Trujillo Alto",
    "state_code": "TA",
    "latitude": "18.36277800",
    "longitude": "-66.01750000"
  },
  {
    "id": 5204,
    "country_id": 178,
    "name": "Trujillo Alto",
    "state_code": "139",
    "latitude": "18.35467190",
    "longitude": "-66.00738760",
    "cities": [
      {
        "id": 153619,
        "name": "Trujillo Alto",
        "latitude": "18.35467190",
        "longitude": "-66.00738760"
      }
    ]
  },
  {
    "id": 5205,
    "country_id": 178,
    "name": "Utuado",
    "state_code": "141",
    "latitude": "18.26550950",
    "longitude": "-66.70045190",
    "cities": [
      {
        "id": 153620,
        "name": "Utuado",
        "latitude": "18.26550950",
        "longitude": "-66.70045190"
      }
    ]
  },
  {
    "id": 5206,
    "country_id": 178,
    "name": "Vega Alta",
    "state_code": "143",
    "latitude": "18.41217030",
    "longitude": "-66.33128050",
    "cities": [
      {
        "id": 153621,
        "name": "Vega Alta",
        "latitude": "18.41217030",
        "longitude": "-66.33128050"
      }
    ]
  },
  {
    "id": 5207,
    "country_id": 178,
    "name": "Vega Baja",
    "state_code": "145",
    "latitude": "18.44614590",
    "longitude": "-66.40419670",
    "cities": [
      {
        "id": 153622,
        "name": "Vega Baja",
        "latitude": "18.44614590",
        "longitude": "-66.40419670"
      }
    ]
  },
  {
    "id": 5208,
    "country_id": 178,
    "name": "Vieques",
    "state_code": "147",
    "latitude": "18.12628540",
    "longitude": "-65.44009850",
    "cities": [
      {
        "id": 153623,
        "name": "Vieques",
        "latitude": "18.12628540",
        "longitude": "-65.44009850"
      }
    ]
  },
  {
    "id": 5209,
    "country_id": 178,
    "name": "Villalba",
    "state_code": "149",
    "latitude": "18.12175540",
    "longitude": "-66.49857870",
    "cities": [
      {
        "id": 153624,
        "name": "Villalba",
        "latitude": "18.12175540",
        "longitude": "-66.49857870"
      }
    ]
  },
  {
    "id": 5210,
    "country_id": 178,
    "name": "Yabucoa",
    "state_code": "151",
    "latitude": "18.05052010",
    "longitude": "-65.87932880",
    "cities": [
      {
        "id": 153625,
        "name": "Yabucoa",
        "latitude": "18.05052010",
        "longitude": "-65.87932880"
      }
    ]
  },
  {
    "id": 5211,
    "country_id": 178,
    "name": "Yauco",
    "state_code": "153",
    "latitude": "18.03496400",
    "longitude": "-66.84989830",
    "cities": [
      {
        "id": 153626,
        "name": "Yauco",
        "latitude": "18.03496400",
        "longitude": "-66.84989830"
      }
    ]
  }
]